arm,model,int_acc,int_f1,int_f2,int_benign_recall,int_attack_recall,train_seconds,ext_acc,ext_f1,ext_f2,ext_roc_auc,ext_benign_recall,ext_attack_recall,ext_false_alarm
cicids_only,CNN1D,0.972125,0.9714889663578327,0.9585329260744369,0.994151657030508,0.9500858576596702,374.5,0.12912916666666666,0.1428612438229203,0.09478203614320152,0.4187884552592593,0.9048666666666667,0.07741333333333333,0.09513333333333333
cicids_only,CNN_BiLSTM,0.9685583333333333,0.9678447548514109,0.955006290239029,0.9904693670126797,0.9466348798826334,334.6,0.06622916666666667,0.009935764333742722,0.0062378377418860955,0.5800739471481482,0.9847,0.004997777777777778,0.0153
cicids_only,LSTM,0.967975,0.9673000178688427,0.9553840361445783,0.9883366379525801,0.9476018205158128,1158.9,0.16816875,0.20708281286924818,0.1406457961638083,0.5084244056296296,0.9527333333333333,0.11586444444444445,0.047266666666666665
cicids_only,MLP,0.9689916666666667,0.9683327234198276,0.9563055551820125,0.9895196361031041,0.9484520614174016,346.0,0.13445416666666668,0.15081165712136635,0.100291097547582,0.3931055315185185,0.9215333333333333,0.08198222222222222,0.07846666666666667
cicids_only,XGBoost,0.9743166666666667,0.9738023188602903,0.9624050296881983,0.9936684606028292,0.9549539036060217,4.0,0.0880125,0.06559056698016145,0.04224402551138807,0.48437373111111115,0.8960666666666667,0.03414222222222222,0.10393333333333334
combined,CNN1D,0.9852417896517529,0.9851427420910899,0.9806656133189472,0.992793634377033,0.9777034002730876,317.5,0.41402916666666667,0.5653250333811384,0.4579279064550502,0.49081246833333336,0.5277,0.4064511111111111,0.4723
combined,CNN_BiLSTM,0.983908467429438,0.983757139372324,0.977712384423749,0.9941114651275293,0.9737236487161555,606.8,0.6306229166666667,0.7668064767721885,0.6906734864951569,0.5162316903333334,0.37303333333333333,0.6477955555555556,0.6269666666666667
combined,LSTM,0.9826668111099074,0.9825274688350526,0.9772865517402726,0.9915258478322518,0.9738235587970826,1167.1,0.6656916666666667,0.7954028498862697,0.7307319642114181,0.5118935026666667,0.25366666666666665,0.69316,0.7463333333333333
combined,MLP,0.9831168073599387,0.9829825121373494,0.977788620929362,0.9918928386741622,0.9743564125620275,251.5,0.42480625,0.576377498492504,0.4691536326091811,0.4684691449259259,0.5360666666666667,0.41738888888888886,0.4639333333333333
combined,XGBoost,0.9881917650686244,0.9880967381534403,0.9828211426948079,0.9970640732647171,0.9793352649282313,4.0,0.3006520833333333,0.42534601261651445,0.3211583352937071,0.48690372570370377,0.6693,0.2760755555555556,0.3307
tii_only,CNN1D,0.9988869507434173,0.9994413640722057,0.9991164752363012,0.9948717948717949,0.9989,205.2,0.10445,0.13252720286719835,0.08896060548263486,0.3236083595925926,0.5766666666666667,0.07296888888888889,0.42333333333333334
tii_only,CNN_BiLSTM,0.9954813522717834,0.9977282218324564,0.9963800754011944,0.9948717948717949,0.9954833333333334,171.9,0.5295354166666667,0.6799311170797043,0.5834486717634496,0.5350280398518519,0.4772,0.5330244444444444,0.5228
tii_only,LSTM,0.8385912451200266,0.9119401091232077,0.8663986994289335,0.8717948717948718,0.8384833333333334,125.3,0.4213208333333333,0.5717730273401969,0.46390999488652795,0.4776123844074074,0.5598666666666666,0.4120844444444444,0.4401333333333333
tii_only,MLP,0.996976493064208,0.9984810549157069,0.997581882462811,0.9948717948717949,0.9969833333333333,71.4,0.3736375,0.5215380600150229,0.4141300743640238,0.4429422754444444,0.5161666666666667,0.36413555555555555,0.48383333333333334
tii_only,XGBoost,0.9948832959548135,0.9974267286034154,0.9958891128224978,1.0,0.9948666666666667,1.6,0.15369375,0.19443359278171632,0.13219182699437787,0.40853634533333333,0.8249666666666666,0.10894222222222222,0.17503333333333335
