arm,model,int_acc,ext_acc,gap_acc,int_benign_recall,ext_benign_recall,gap_benign_recall
combined,LSTM,0.9826668111099074,0.6656916666666667,0.3169751444432407,0.9915258478322518,0.25366666666666665,0.7378591811655852
combined,CNN_BiLSTM,0.983908467429438,0.6306229166666667,0.35328555076277135,0.9941114651275293,0.37303333333333333,0.621078131794196
tii_only,LSTM,0.8385912451200266,0.4213208333333333,0.4172704117866933,0.8717948717948718,0.5598666666666666,0.3119282051282052
tii_only,CNN_BiLSTM,0.9954813522717834,0.5295354166666667,0.46594593560511666,0.9948717948717949,0.4772,0.5176717948717948
combined,MLP,0.9831168073599387,0.42480625,0.5583105573599387,0.9918928386741622,0.5360666666666667,0.45582617200749553
combined,CNN1D,0.9852417896517529,0.41402916666666667,0.5712126229850862,0.992793634377033,0.5277,0.4650936343770331
tii_only,MLP,0.996976493064208,0.3736375,0.6233389930642079,0.9948717948717949,0.5161666666666667,0.4787051282051282
combined,XGBoost,0.9881917650686244,0.3006520833333333,0.687539681735291,0.9970640732647171,0.6693,0.3277640732647171
cicids_only,LSTM,0.967975,0.16816875,0.79980625,0.9883366379525801,0.9527333333333333,0.03560330461924677
cicids_only,MLP,0.9689916666666667,0.13445416666666668,0.8345375,0.9895196361031041,0.9215333333333333,0.0679863027697708
tii_only,XGBoost,0.9948832959548135,0.15369375,0.8411895459548135,1.0,0.8249666666666666,0.17503333333333337
cicids_only,CNN1D,0.972125,0.12912916666666666,0.8429958333333334,0.994151657030508,0.9048666666666667,0.0892849903638413
cicids_only,XGBoost,0.9743166666666667,0.0880125,0.8863041666666667,0.9936684606028292,0.8960666666666667,0.09760179393616253
tii_only,CNN1D,0.9988869507434173,0.10445,0.8944369507434172,0.9948717948717949,0.5766666666666667,0.41820512820512823
cicids_only,CNN_BiLSTM,0.9685583333333333,0.06622916666666667,0.9023291666666666,0.9904693670126797,0.9847,0.005769367012679716
