arm,model,ext_acc,baseline_acc,delta_acc,ext_f2,baseline_f2,delta_f2
combined,LSTM,0.6656916666666667,0.8963,-0.2306083333333333,0.7307319642114181,0.935,-0.204268035788582
combined,CNN_BiLSTM,0.6306229166666667,0.8963,-0.2656770833333333,0.6906734864951569,0.935,-0.24432651350484313
tii_only,CNN_BiLSTM,0.5295354166666667,0.8963,-0.3667645833333333,0.5834486717634496,0.935,-0.35155132823655044
combined,MLP,0.42480625,0.8963,-0.47149375,0.4691536326091811,0.935,-0.46584636739081897
tii_only,LSTM,0.4213208333333333,0.8963,-0.4749791666666667,0.46390999488652795,0.935,-0.4710900051134721
combined,CNN1D,0.41402916666666667,0.8963,-0.4822708333333333,0.4579279064550502,0.935,-0.47707209354494984
tii_only,MLP,0.3736375,0.8963,-0.5226625,0.4141300743640238,0.935,-0.5208699256359762
combined,XGBoost,0.3006520833333333,0.8963,-0.5956479166666666,0.3211583352937071,0.935,-0.613841664706293
cicids_only,LSTM,0.16816875,0.8963,-0.72813125,0.1406457961638083,0.935,-0.7943542038361917
tii_only,XGBoost,0.15369375,0.8963,-0.74260625,0.13219182699437787,0.935,-0.8028081730056222
cicids_only,MLP,0.13445416666666668,0.8963,-0.7618458333333333,0.100291097547582,0.935,-0.834708902452418
cicids_only,CNN1D,0.12912916666666666,0.8963,-0.7671708333333334,0.09478203614320152,0.935,-0.8402179638567986
tii_only,CNN1D,0.10445,0.8963,-0.7918499999999999,0.08896060548263486,0.935,-0.8460393945173652
cicids_only,XGBoost,0.0880125,0.8963,-0.8082875,0.04224402551138807,0.935,-0.892755974488612
cicids_only,CNN_BiLSTM,0.06622916666666667,0.8963,-0.8300708333333333,0.0062378377418860955,0.935,-0.9287621622581139
