arm,model,class,n,accuracy
cicids_only,CNN1D,API,30000,0.0
cicids_only,CNN1D,Benign,30000,0.9049
cicids_only,CNN1D,Bruteforce,30000,0.0013
cicids_only,CNN1D,BufferOverflow,30000,0.0011
cicids_only,CNN1D,C2Beaconing,30000,0.1813
cicids_only,CNN1D,DDoS,30000,0.0
cicids_only,CNN1D,DNS,30000,0.0
cicids_only,CNN1D,DoS,30000,0.0001
cicids_only,CNN1D,Evasion,30000,0.0067
cicids_only,CNN1D,Exfiltration,30000,0.0073
cicids_only,CNN1D,Exploitation,30000,0.0
cicids_only,CNN1D,MITM,30000,0.9629
cicids_only,CNN1D,PortScan,30000,0.0006
cicids_only,CNN1D,Slowloris,30000,0.0
cicids_only,CNN1D,TLSSSL,30000,0.0
cicids_only,CNN1D,WebBased,30000,0.0
cicids_only,CNN_BiLSTM,API,30000,0.0
cicids_only,CNN_BiLSTM,Benign,30000,0.9847
cicids_only,CNN_BiLSTM,Bruteforce,30000,0.0001
cicids_only,CNN_BiLSTM,BufferOverflow,30000,0.0
cicids_only,CNN_BiLSTM,C2Beaconing,30000,0.0
cicids_only,CNN_BiLSTM,DDoS,30000,0.0487
cicids_only,CNN_BiLSTM,DNS,30000,0.0
cicids_only,CNN_BiLSTM,DoS,30000,0.0
cicids_only,CNN_BiLSTM,Evasion,30000,0.0
cicids_only,CNN_BiLSTM,Exfiltration,30000,0.009
cicids_only,CNN_BiLSTM,Exploitation,30000,0.0017
cicids_only,CNN_BiLSTM,MITM,30000,0.0002
cicids_only,CNN_BiLSTM,PortScan,30000,0.0012
cicids_only,CNN_BiLSTM,Slowloris,30000,0.0
cicids_only,CNN_BiLSTM,TLSSSL,30000,0.0
cicids_only,CNN_BiLSTM,WebBased,30000,0.0141
cicids_only,LSTM,API,30000,0.0
cicids_only,LSTM,Benign,30000,0.9527
cicids_only,LSTM,Bruteforce,30000,0.1075
cicids_only,LSTM,BufferOverflow,30000,0.264
cicids_only,LSTM,C2Beaconing,30000,0.0728
cicids_only,LSTM,DDoS,30000,0.0
cicids_only,LSTM,DNS,30000,0.0
cicids_only,LSTM,DoS,30000,0.0
cicids_only,LSTM,Evasion,30000,0.8482
cicids_only,LSTM,Exfiltration,30000,0.0
cicids_only,LSTM,Exploitation,30000,0.439
cicids_only,LSTM,MITM,30000,0.0006
cicids_only,LSTM,PortScan,30000,0.0001
cicids_only,LSTM,Slowloris,30000,0.0
cicids_only,LSTM,TLSSSL,30000,0.0058
cicids_only,LSTM,WebBased,30000,0.0
cicids_only,MLP,API,30000,0.0021
cicids_only,MLP,Benign,30000,0.9215
cicids_only,MLP,Bruteforce,30000,0.0108
cicids_only,MLP,BufferOverflow,30000,0.0481
cicids_only,MLP,C2Beaconing,30000,0.1858
cicids_only,MLP,DDoS,30000,0.0
cicids_only,MLP,DNS,30000,0.0
cicids_only,MLP,DoS,30000,0.0
cicids_only,MLP,Evasion,30000,0.0065
cicids_only,MLP,Exfiltration,30000,0.0002
cicids_only,MLP,Exploitation,30000,0.0013
cicids_only,MLP,MITM,30000,0.9629
cicids_only,MLP,PortScan,30000,0.0001
cicids_only,MLP,Slowloris,30000,0.0
cicids_only,MLP,TLSSSL,30000,0.012
cicids_only,MLP,WebBased,30000,0.0
cicids_only,XGBoost,API,30000,0.0
cicids_only,XGBoost,Benign,30000,0.8961
cicids_only,XGBoost,Bruteforce,30000,0.0016
cicids_only,XGBoost,BufferOverflow,30000,0.0
cicids_only,XGBoost,C2Beaconing,30000,0.0041
cicids_only,XGBoost,DDoS,30000,0.1755
cicids_only,XGBoost,DNS,30000,0.0606
cicids_only,XGBoost,DoS,30000,0.001
cicids_only,XGBoost,Evasion,30000,0.0
cicids_only,XGBoost,Exfiltration,30000,0.0564
cicids_only,XGBoost,Exploitation,30000,0.0011
cicids_only,XGBoost,MITM,30000,0.1336
cicids_only,XGBoost,PortScan,30000,0.0633
cicids_only,XGBoost,Slowloris,30000,0.0
cicids_only,XGBoost,TLSSSL,30000,0.0
cicids_only,XGBoost,WebBased,30000,0.0149
combined,CNN1D,API,30000,0.134
combined,CNN1D,Benign,30000,0.5277
combined,CNN1D,Bruteforce,30000,0.45
combined,CNN1D,BufferOverflow,30000,0.6345
combined,CNN1D,C2Beaconing,30000,0.4542
combined,CNN1D,DDoS,30000,0.6548
combined,CNN1D,DNS,30000,0.0495
combined,CNN1D,DoS,30000,0.0
combined,CNN1D,Evasion,30000,0.7511
combined,CNN1D,Exfiltration,30000,0.379
combined,CNN1D,Exploitation,30000,0.6591
combined,CNN1D,MITM,30000,0.0066
combined,CNN1D,PortScan,30000,0.5108
combined,CNN1D,Slowloris,30000,0.0
combined,CNN1D,TLSSSL,30000,0.6469
combined,CNN1D,WebBased,30000,0.7663
combined,CNN_BiLSTM,API,30000,0.5562
combined,CNN_BiLSTM,Benign,30000,0.373
combined,CNN_BiLSTM,Bruteforce,30000,0.9441
combined,CNN_BiLSTM,BufferOverflow,30000,0.9883
combined,CNN_BiLSTM,C2Beaconing,30000,0.7253
combined,CNN_BiLSTM,DDoS,30000,0.9999
combined,CNN_BiLSTM,DNS,30000,0.0033
combined,CNN_BiLSTM,DoS,30000,0.0129
combined,CNN_BiLSTM,Evasion,30000,0.9982
combined,CNN_BiLSTM,Exfiltration,30000,0.6802
combined,CNN_BiLSTM,Exploitation,30000,0.989
combined,CNN_BiLSTM,MITM,30000,0.1975
combined,CNN_BiLSTM,PortScan,30000,0.9765
combined,CNN_BiLSTM,Slowloris,30000,0.0
combined,CNN_BiLSTM,TLSSSL,30000,0.9752
combined,CNN_BiLSTM,WebBased,30000,0.6702
combined,LSTM,API,30000,0.9557
combined,LSTM,Benign,30000,0.2537
combined,LSTM,Bruteforce,30000,0.9042
combined,LSTM,BufferOverflow,30000,0.7582
combined,LSTM,C2Beaconing,30000,0.7677
combined,LSTM,DDoS,30000,0.9999
combined,LSTM,DNS,30000,0.987
combined,LSTM,DoS,30000,0.0016
combined,LSTM,Evasion,30000,0.1805
combined,LSTM,Exfiltration,30000,0.8844
combined,LSTM,Exploitation,30000,0.715
combined,LSTM,MITM,30000,0.2997
combined,LSTM,PortScan,30000,0.9726
combined,LSTM,Slowloris,30000,0.0
combined,LSTM,TLSSSL,30000,0.9997
combined,LSTM,WebBased,30000,0.9713
combined,MLP,API,30000,0.8275
combined,MLP,Benign,30000,0.5361
combined,MLP,Bruteforce,30000,0.6268
combined,MLP,BufferOverflow,30000,0.5792
combined,MLP,C2Beaconing,30000,0.5307
combined,MLP,DDoS,30000,0.6403
combined,MLP,DNS,30000,0.2931
combined,MLP,DoS,30000,0.0
combined,MLP,Evasion,30000,0.0007
combined,MLP,Exfiltration,30000,0.7112
combined,MLP,Exploitation,30000,0.3504
combined,MLP,MITM,30000,0.0068
combined,MLP,PortScan,30000,0.0145
combined,MLP,Slowloris,30000,0.0
combined,MLP,TLSSSL,30000,0.8767
combined,MLP,WebBased,30000,0.803
combined,XGBoost,API,30000,0.0242
combined,XGBoost,Benign,30000,0.6693
combined,XGBoost,Bruteforce,30000,0.0157
combined,XGBoost,BufferOverflow,30000,0.001
combined,XGBoost,C2Beaconing,30000,0.159
combined,XGBoost,DDoS,30000,0.7486
combined,XGBoost,DNS,30000,0.0793
combined,XGBoost,DoS,30000,0.8103
combined,XGBoost,Evasion,30000,0.0074
combined,XGBoost,Exfiltration,30000,0.3775
combined,XGBoost,Exploitation,30000,0.0596
combined,XGBoost,MITM,30000,0.7844
combined,XGBoost,PortScan,30000,0.0747
combined,XGBoost,Slowloris,30000,0.753
combined,XGBoost,TLSSSL,30000,0.0516
combined,XGBoost,WebBased,30000,0.1948
tii_only,CNN1D,API,30000,0.0041
tii_only,CNN1D,Benign,30000,0.5767
tii_only,CNN1D,Bruteforce,30000,0.02
tii_only,CNN1D,BufferOverflow,30000,0.0035
tii_only,CNN1D,C2Beaconing,30000,0.0066
tii_only,CNN1D,DDoS,30000,0.6536
tii_only,CNN1D,DNS,30000,0.0302
tii_only,CNN1D,DoS,30000,0.1448
tii_only,CNN1D,Evasion,30000,0.0002
tii_only,CNN1D,Exfiltration,30000,0.0266
tii_only,CNN1D,Exploitation,30000,0.0671
tii_only,CNN1D,MITM,30000,0.0368
tii_only,CNN1D,PortScan,30000,0.0511
tii_only,CNN1D,Slowloris,30000,0.0464
tii_only,CNN1D,TLSSSL,30000,0.0002
tii_only,CNN1D,WebBased,30000,0.0033
tii_only,CNN_BiLSTM,API,30000,0.5183
tii_only,CNN_BiLSTM,Benign,30000,0.4772
tii_only,CNN_BiLSTM,Bruteforce,30000,0.6867
tii_only,CNN_BiLSTM,BufferOverflow,30000,0.9448
tii_only,CNN_BiLSTM,C2Beaconing,30000,0.7045
tii_only,CNN_BiLSTM,DDoS,30000,0.6528
tii_only,CNN_BiLSTM,DNS,30000,0.0007
tii_only,CNN_BiLSTM,DoS,30000,0.3616
tii_only,CNN_BiLSTM,Evasion,30000,0.9914
tii_only,CNN_BiLSTM,Exfiltration,30000,0.576
tii_only,CNN_BiLSTM,Exploitation,30000,0.9332
tii_only,CNN_BiLSTM,MITM,30000,0.0544
tii_only,CNN_BiLSTM,PortScan,30000,0.0504
tii_only,CNN_BiLSTM,Slowloris,30000,0.0587
tii_only,CNN_BiLSTM,TLSSSL,30000,0.9175
tii_only,CNN_BiLSTM,WebBased,30000,0.5443
tii_only,LSTM,API,30000,0.2825
tii_only,LSTM,Benign,30000,0.5599
tii_only,LSTM,Bruteforce,30000,0.374
tii_only,LSTM,BufferOverflow,30000,0.4137
tii_only,LSTM,C2Beaconing,30000,0.3349
tii_only,LSTM,DDoS,30000,0.4005
tii_only,LSTM,DNS,30000,0.9836
tii_only,LSTM,DoS,30000,0.0
tii_only,LSTM,Evasion,30000,0.3075
tii_only,LSTM,Exfiltration,30000,0.8293
tii_only,LSTM,Exploitation,30000,0.5094
tii_only,LSTM,MITM,30000,0.2653
tii_only,LSTM,PortScan,30000,0.5178
tii_only,LSTM,Slowloris,30000,0.0
tii_only,LSTM,TLSSSL,30000,0.6601
tii_only,LSTM,WebBased,30000,0.3026
tii_only,MLP,API,30000,0.088
tii_only,MLP,Benign,30000,0.5162
tii_only,MLP,Bruteforce,30000,0.0489
tii_only,MLP,BufferOverflow,30000,0.0149
tii_only,MLP,C2Beaconing,30000,0.1876
tii_only,MLP,DDoS,30000,0.9475
tii_only,MLP,DNS,30000,0.0679
tii_only,MLP,DoS,30000,0.6919
tii_only,MLP,Evasion,30000,0.0066
tii_only,MLP,Exfiltration,30000,0.0404
tii_only,MLP,Exploitation,30000,0.109
tii_only,MLP,MITM,30000,0.9997
tii_only,MLP,PortScan,30000,0.9993
tii_only,MLP,Slowloris,30000,0.9615
tii_only,MLP,TLSSSL,30000,0.1451
tii_only,MLP,WebBased,30000,0.1538
tii_only,XGBoost,API,30000,0.0
tii_only,XGBoost,Benign,30000,0.825
tii_only,XGBoost,Bruteforce,30000,0.0001
tii_only,XGBoost,BufferOverflow,30000,0.0009
tii_only,XGBoost,C2Beaconing,30000,0.0
tii_only,XGBoost,DDoS,30000,0.6385
tii_only,XGBoost,DNS,30000,0.0
tii_only,XGBoost,DoS,30000,0.0065
tii_only,XGBoost,Evasion,30000,0.089
tii_only,XGBoost,Exfiltration,30000,0.5048
tii_only,XGBoost,Exploitation,30000,0.0004
tii_only,XGBoost,MITM,30000,0.0371
tii_only,XGBoost,PortScan,30000,0.3345
tii_only,XGBoost,Slowloris,30000,0.0082
tii_only,XGBoost,TLSSSL,30000,0.0
tii_only,XGBoost,WebBased,30000,0.014
