,API,Benign,Bruteforce,BufferOverflow,C2Beaconing,DDoS,DNS,DoS,Evasion,Exfiltration,Exploitation,MITM,PortScan,Slowloris,TLSSSL,WebBased
API,15993,5,2,0,0,0,0,0,0,0,0,0,0,0,0,0
Benign,20,39052,7,247,0,0,0,0,0,2,585,0,78,3,0,10
Bruteforce,0,8,14898,395,0,0,0,0,0,3,626,0,0,0,66,0
BufferOverflow,0,2,3,12202,0,0,0,0,0,0,3793,0,0,0,0,0
C2Beaconing,2,3,1,570,14571,0,0,0,0,0,852,0,0,0,0,0
DDoS,0,0,0,0,0,15945,0,0,0,0,0,0,62,0,0,0
DNS,0,0,0,0,0,0,16000,0,0,0,0,0,0,0,0,0
DoS,0,0,0,0,0,0,0,9405,0,0,0,0,0,6619,0,0
Evasion,0,0,0,0,0,0,0,0,15982,0,1,20,0,0,0,0
Exfiltration,0,11,1,0,0,0,0,0,0,15996,0,0,0,0,0,0
Exploitation,0,3,422,1020,1,0,0,0,0,1,14432,0,0,0,53,72
MITM,0,1,0,0,0,0,0,0,28,0,0,16021,0,0,0,0
PortScan,0,16,0,0,0,111,0,0,0,0,0,0,15862,0,0,0
Slowloris,0,1,0,0,0,0,0,1990,0,0,0,0,0,13988,0,0
TLSSSL,0,0,199,0,0,0,0,0,0,0,151,0,0,0,15650,0
WebBased,0,2,0,0,0,0,0,0,0,0,113,0,0,0,1,15884
