experiment,variant,arm,model,macro_recall,roc_auc,rows,family_recall,cse_exact,tii_exact,trustlab_reference
binary -> TRUSTLab,original,cicids_only,CNN1D,0.49114,0.4187884552592593,,,,,
binary -> TRUSTLab,original,cicids_only,CNN_BiLSTM,0.4948488888888889,0.5800739471481482,,,,,
binary -> TRUSTLab,original,cicids_only,LSTM,0.5342988888888889,0.5084244056296296,,,,,
binary -> TRUSTLab,original,cicids_only,MLP,0.5017577777777777,0.3931055315185185,,,,,
binary -> TRUSTLab,original,cicids_only,XGBoost,0.46510444444444443,0.48437373111111115,,,,,
binary -> TRUSTLab,original,combined,CNN1D,0.4670755555555555,0.49081246833333336,,,,,
binary -> TRUSTLab,original,combined,CNN_BiLSTM,0.5104144444444445,0.5162316903333334,,,,,
binary -> TRUSTLab,original,combined,LSTM,0.47341333333333335,0.5118935026666667,,,,,
binary -> TRUSTLab,original,combined,MLP,0.47672777777777775,0.4684691449259259,,,,,
binary -> TRUSTLab,original,combined,XGBoost,0.4726877777777778,0.48690372570370377,,,,,
binary -> TRUSTLab,original,tii_only,CNN1D,0.32481777777777776,0.3236083595925926,,,,,
binary -> TRUSTLab,original,tii_only,CNN_BiLSTM,0.5051122222222222,0.5350280398518519,,,,,
binary -> TRUSTLab,original,tii_only,LSTM,0.4859755555555555,0.4776123844074074,,,,,
binary -> TRUSTLab,original,tii_only,MLP,0.4401511111111111,0.4429422754444444,,,,,
binary -> TRUSTLab,original,tii_only,XGBoost,0.46695444444444445,0.40853634533333333,,,,,
binary -> TRUSTLab,harmonised,cicids_only,CNN1D,0.46861555555555556,0.5689586317037036,480000.0,,,,
binary -> TRUSTLab,harmonised,cicids_only,CNN_BiLSTM,0.49400777777777777,0.5087890987777778,480000.0,,,,
binary -> TRUSTLab,harmonised,cicids_only,LSTM,0.4860744444444444,0.4780365655555555,480000.0,,,,
binary -> TRUSTLab,harmonised,cicids_only,MLP,0.5081888888888889,0.6064834724074075,480000.0,,,,
binary -> TRUSTLab,harmonised,cicids_only,XGBoost,0.46510444444444443,0.48437373111111115,480000.0,,,,
binary -> TRUSTLab,harmonised,combined,CNN1D,0.4210288888888889,0.43132638366666665,480000.0,,,,
binary -> TRUSTLab,harmonised,combined,CNN_BiLSTM,0.5108911111111112,0.5091678419629629,480000.0,,,,
binary -> TRUSTLab,harmonised,combined,LSTM,0.4980955555555555,0.49619367188888885,480000.0,,,,
binary -> TRUSTLab,harmonised,combined,MLP,0.4747233333333334,0.47429367896296293,480000.0,,,,
binary -> TRUSTLab,harmonised,combined,XGBoost,0.4726877777777778,0.48690372570370377,480000.0,,,,
binary -> TRUSTLab,harmonised,tii_only,CNN1D,0.4341055555555555,0.3838871482592593,480000.0,,,,
binary -> TRUSTLab,harmonised,tii_only,CNN_BiLSTM,0.4774655555555556,0.492141269,480000.0,,,,
binary -> TRUSTLab,harmonised,tii_only,LSTM,0.47601666666666664,0.5100304844074074,480000.0,,,,
binary -> TRUSTLab,harmonised,tii_only,MLP,0.5045111111111111,0.5218660085185185,480000.0,,,,
binary -> TRUSTLab,harmonised,tii_only,XGBoost,0.46695444444444445,0.40853634533333333,480000.0,,,,
binary -> TRUSTLab,harmonised + 120 s subset,cicids_only,CNN1D,0.5012743720415612,0.5604713473566274,412971.0,,,,
binary -> TRUSTLab,harmonised + 120 s subset,cicids_only,CNN_BiLSTM,0.5011461901718283,0.5707301613849718,412971.0,,,,
binary -> TRUSTLab,harmonised + 120 s subset,cicids_only,LSTM,0.49990086216247615,0.4856801321081542,412971.0,,,,
binary -> TRUSTLab,harmonised + 120 s subset,cicids_only,MLP,0.5083174243908036,0.5017481282449906,412971.0,,,,
binary -> TRUSTLab,harmonised + 120 s subset,cicids_only,XGBoost,0.4665052512134784,0.5266250755499104,412971.0,,,,
binary -> TRUSTLab,harmonised + 120 s subset,combined,CNN1D,0.4079751892367745,0.41833602188805563,412971.0,,,,
binary -> TRUSTLab,harmonised + 120 s subset,combined,CNN_BiLSTM,0.49177918640648943,0.4644295067157707,412971.0,,,,
binary -> TRUSTLab,harmonised + 120 s subset,combined,LSTM,0.492875157550027,0.48156382183799673,412971.0,,,,
binary -> TRUSTLab,harmonised + 120 s subset,combined,MLP,0.4804092332518769,0.41700083810075755,412971.0,,,,
binary -> TRUSTLab,harmonised + 120 s subset,combined,XGBoost,0.5219907693332944,0.5560321828884982,412971.0,,,,
binary -> TRUSTLab,harmonised + 120 s subset,tii_only,CNN1D,0.4363005905879548,0.40863451369057924,412971.0,,,,
binary -> TRUSTLab,harmonised + 120 s subset,tii_only,CNN_BiLSTM,0.45839543107524877,0.4681836933539365,412971.0,,,,
binary -> TRUSTLab,harmonised + 120 s subset,tii_only,LSTM,0.47240318186836283,0.49234389896467645,412971.0,,,,
binary -> TRUSTLab,harmonised + 120 s subset,tii_only,MLP,0.49333258451832945,0.5411418293849486,412971.0,,,,
binary -> TRUSTLab,harmonised + 120 s subset,tii_only,XGBoost,0.4840045863460816,0.44608845880155606,412971.0,,,,
16-class TRUSTLab -> others,original,trustlab,MLP,0.1579945444528924,,,0.24111005727541585,0.1666564806682405,0.1493326082375443,0.8664334909577441
16-class TRUSTLab -> others,original,trustlab,CNN1D,0.22257745318277808,,,0.23085414367850057,0.1031537083187043,0.34200119804685186,0.8659144245666189
16-class TRUSTLab -> others,original,trustlab,LSTM,0.0872174990590557,,,0.18538253117864584,0.11330390204366478,0.06113109607444662,0.8533562810548305
16-class TRUSTLab -> others,original,trustlab,CNN_BiLSTM,0.15311358544221124,,,0.15978637121229122,0.20404791065503686,0.10217926022938563,0.8737199644599813
16-class TRUSTLab -> others,original,trustlab,XGBoost,0.20341152647929162,,,0.2434408119708227,0.2080680252833417,0.1987550276752415,0.8836409841999531
16-class TRUSTLab -> others,harmonised,trustlab,MLP,0.1579945444528924,,,0.24111005727541585,0.1666564806682405,0.1493326082375443,0.8664334909577441
16-class TRUSTLab -> others,harmonised,trustlab,CNN1D,0.2225776525007121,,,0.2308543429964346,0.10315410695457236,0.34200119804685186,0.8659144245666189
16-class TRUSTLab -> others,harmonised,trustlab,LSTM,0.08721769837698973,,,0.18538273049657986,0.11330430067953283,0.06113109607444662,0.8533562810548305
16-class TRUSTLab -> others,harmonised,trustlab,CNN_BiLSTM,0.15311378476014528,,,0.15978657053022524,0.20404830929090492,0.10217926022938563,0.8737199644599813
16-class TRUSTLab -> others,harmonised,trustlab,XGBoost,0.20341152647929162,,,0.2434408119708227,0.2080680252833417,0.1987550276752415,0.8836409841999531
16-class TRUSTLab -> others,harmonised + 120 s subset,trustlab,MLP,0.1579945444528924,,,0.24111005727541585,0.1666564806682405,0.1493326082375443,0.859550763660359
16-class TRUSTLab -> others,harmonised + 120 s subset,trustlab,CNN1D,0.2225776525007121,,,0.2308543429964346,0.10315410695457236,0.34200119804685186,0.8599856505461845
16-class TRUSTLab -> others,harmonised + 120 s subset,trustlab,LSTM,0.08721769837698973,,,0.18538273049657986,0.11330430067953283,0.06113109607444662,0.8475314335092192
16-class TRUSTLab -> others,harmonised + 120 s subset,trustlab,CNN_BiLSTM,0.15311378476014528,,,0.15978657053022524,0.20404830929090492,0.10217926022938563,0.8691395580057629
16-class TRUSTLab -> others,harmonised + 120 s subset,trustlab,XGBoost,0.20341152647929162,,,0.2434408119708227,0.2080680252833417,0.1987550276752415,0.8779592982871272
