section,model,trained_on,evaluated_on,n_flows,accuracy,accuracy_native_prevalence,macro_f1,macro_f1_native_prevalence,macro_f1_ci_95,weighted_f1,f1_attack,f1_benign,macro_recall,family_recall,own_data_macro_recall,attack_recall,benign_recall,roc_auc,pr_auc,abstention_rate,note
binary_internal,XGBoost,CSE-CIC-IDS2018 + TII-SSRC-23,CSE-CIC-IDS2018 + TII-SSRC-23 (held-out 15%),120001,0.9882,,0.9882,,,,0.9881,0.9883,0.9882,,,0.9793,0.9971,0.9962,0.9971,,threshold 0.5
binary_internal,CNN_BiLSTM,CSE-CIC-IDS2018 + TII-SSRC-23,CSE-CIC-IDS2018 + TII-SSRC-23 (held-out 15%),120001,0.9839,,0.9839,,,,0.9838,0.9841,0.9839,,,0.9737,0.9941,0.9934,0.9954,,threshold 0.5
binary_internal,CNN1D,CSE-CIC-IDS2018 + TII-SSRC-23,CSE-CIC-IDS2018 + TII-SSRC-23 (held-out 15%),120001,0.9852,,0.9852,,,,0.9851,0.9853,0.9852,,,0.9777,0.9928,0.9941,0.9958,,threshold 0.5
binary_internal,MLP,CSE-CIC-IDS2018 + TII-SSRC-23,CSE-CIC-IDS2018 + TII-SSRC-23 (held-out 15%),120001,0.9831,,0.9831,,,,0.983,0.9832,0.9831,,,0.9744,0.9919,0.9934,0.9953,,threshold 0.5
binary_internal,LSTM,CSE-CIC-IDS2018 + TII-SSRC-23,CSE-CIC-IDS2018 + TII-SSRC-23 (held-out 15%),120001,0.9827,,0.9827,,,,0.9825,0.9828,0.9827,,,0.9738,0.9915,0.9934,0.9953,,threshold 0.5
binary_internal,XGBoost,CSE-CIC-IDS2018,CSE-CIC-IDS2018 (held-out 15%),120000,0.9743,,0.9743,,,,0.9738,0.9748,0.9743,,,0.955,0.9937,0.9912,0.9932,,threshold 0.5
binary_internal,CNN_BiLSTM,CSE-CIC-IDS2018,CSE-CIC-IDS2018 (held-out 15%),120000,0.9686,,0.9685,,,,0.9678,0.9692,0.9686,,,0.9466,0.9905,0.9838,0.9884,,threshold 0.5
binary_internal,CNN1D,CSE-CIC-IDS2018,CSE-CIC-IDS2018 (held-out 15%),120000,0.9721,,0.9721,,,,0.9715,0.9727,0.9721,,,0.9501,0.9942,0.9872,0.9906,,threshold 0.5
binary_internal,MLP,CSE-CIC-IDS2018,CSE-CIC-IDS2018 (held-out 15%),120000,0.969,,0.969,,,,0.9683,0.9696,0.969,,,0.9485,0.9895,0.9851,0.9893,,threshold 0.5
binary_internal,LSTM,CSE-CIC-IDS2018,CSE-CIC-IDS2018 (held-out 15%),120000,0.968,,0.968,,,,0.9673,0.9686,0.968,,,0.9476,0.9883,0.9845,0.9888,,threshold 0.5
binary_internal,XGBoost,TII-SSRC-23,TII-SSRC-23 (held-out 15%),60195,0.9949,,0.7781,,,,0.9974,0.5587,0.9974,,,0.9949,1.0,0.9998,1.0,,threshold 0.5
binary_internal,CNN_BiLSTM,TII-SSRC-23,TII-SSRC-23 (held-out 15%),60195,0.9955,,0.7928,,,,0.9977,0.5879,0.9952,,,0.9955,0.9949,0.9997,1.0,,threshold 0.5
binary_internal,CNN1D,TII-SSRC-23,TII-SSRC-23 (held-out 15%),60195,0.9989,,0.9261,,,,0.9994,0.8527,0.9969,,,0.9989,0.9949,1.0,1.0,,threshold 0.5
binary_internal,MLP,TII-SSRC-23,TII-SSRC-23 (held-out 15%),60195,0.997,,0.8396,,,,0.9985,0.6807,0.9959,,,0.997,0.9949,0.9998,1.0,,threshold 0.5
binary_internal,LSTM,TII-SSRC-23,TII-SSRC-23 (held-out 15%),60195,0.8386,,0.4729,,,,0.9119,0.0338,0.8551,,,0.8385,0.8718,0.9456,0.9998,,threshold 0.5
binary_external,XGBoost,CSE-CIC-IDS2018 + TII-SSRC-23,TRUSTLab test (unseen network),480000,0.3007,0.5073,0.2661,0.4723,,,0.4253,0.1068,0.4727,,,0.2761,0.6693,0.4869,0.924,,"threshold 0.445; test set 6% benign, native mix ~57% benign"
binary_external,CNN_BiLSTM,CSE-CIC-IDS2018 + TII-SSRC-23,TRUSTLab test (unseen network),480000,0.6306,0.4831,0.4394,0.4814,,,0.7668,0.1121,0.5104,,,0.6478,0.373,0.5162,0.9408,,"threshold 0.445; test set 6% benign, native mix ~57% benign"
binary_external,CNN1D,CSE-CIC-IDS2018 + TII-SSRC-23,TRUSTLab test (unseen network),480000,0.414,0.473,0.3333,0.4639,,,0.5653,0.1012,0.4671,,,0.4065,0.5277,0.4908,0.9391,,"threshold 0.445; test set 6% benign, native mix ~57% benign"
binary_external,MLP,CSE-CIC-IDS2018 + TII-SSRC-23,TRUSTLab test (unseen network),480000,0.4248,0.4951,0.3404,0.488,,,0.5764,0.1043,0.4767,,,0.4174,0.5361,0.4685,0.9392,,"threshold 0.445; test set 6% benign, native mix ~57% benign"
binary_external,LSTM,CSE-CIC-IDS2018 + TII-SSRC-23,TRUSTLab test (unseen network),480000,0.6657,0.4546,0.441,0.4394,,,0.7954,0.0866,0.4734,,,0.6932,0.2537,0.5119,0.9455,,"threshold 0.445; test set 6% benign, native mix ~57% benign"
binary_external,XGBoost,CSE-CIC-IDS2018,TRUSTLab test (unseen network),480000,0.088,0.5285,0.0875,0.3749,,,0.0656,0.1094,0.4651,,,0.0341,0.8961,0.4844,0.9251,,"threshold 0.445; test set 6% benign, native mix ~57% benign"
binary_external,CNN_BiLSTM,CSE-CIC-IDS2018,TRUSTLab test (unseen network),480000,0.0662,0.5655,0.0632,0.3672,,,0.0099,0.1165,0.4948,,,0.005,0.9847,0.5801,0.9424,,"threshold 0.445; test set 6% benign, native mix ~57% benign"
binary_external,CNN1D,CSE-CIC-IDS2018,TRUSTLab test (unseen network),480000,0.1291,0.5449,0.1289,0.4018,,,0.1429,0.1149,0.4911,,,0.0774,0.9049,0.4188,0.9305,,"threshold 0.445; test set 6% benign, native mix ~57% benign"
binary_external,MLP,CSE-CIC-IDS2018,TRUSTLab test (unseen network),480000,0.1345,0.556,0.1341,0.4102,,,0.1508,0.1175,0.5018,,,0.082,0.9215,0.3931,0.9264,,"threshold 0.445; test set 6% benign, native mix ~57% benign"
binary_external,LSTM,CSE-CIC-IDS2018,TRUSTLab test (unseen network),480000,0.1682,0.5852,0.1662,0.4443,,,0.2071,0.1252,0.5343,,,0.1159,0.9527,0.5084,0.9507,,"threshold 0.445; test set 6% benign, native mix ~57% benign"
binary_external,XGBoost,TII-SSRC-23,TRUSTLab test (unseen network),480000,0.1537,0.5222,0.1515,0.4195,,,0.1944,0.1086,0.467,,,0.1089,0.825,0.4085,0.9254,,"threshold 0.445; test set 6% benign, native mix ~57% benign"
binary_external,CNN_BiLSTM,TII-SSRC-23,TRUSTLab test (unseen network),480000,0.5295,0.4962,0.3962,0.495,,,0.6799,0.1125,0.5051,,,0.533,0.4772,0.535,0.9484,,"threshold 0.445; test set 6% benign, native mix ~57% benign"
binary_external,CNN1D,TII-SSRC-23,TRUSTLab test (unseen network),480000,0.1044,0.37,0.1035,0.3126,,,0.1325,0.0745,0.3248,,,0.073,0.5767,0.3236,0.8949,,"threshold 0.445; test set 6% benign, native mix ~57% benign"
binary_external,MLP,TII-SSRC-23,TRUSTLab test (unseen network),480000,0.3736,0.4544,0.3075,0.4443,,,0.5215,0.0934,0.4402,,,0.3641,0.5162,0.4429,0.9317,,"threshold 0.445; test set 6% benign, native mix ~57% benign"
binary_external,LSTM,TII-SSRC-23,TRUSTLab test (unseen network),480000,0.4213,0.5,0.3398,0.49,,,0.5718,0.1079,0.486,,,0.4121,0.5599,0.4776,0.9314,,"threshold 0.445; test set 6% benign, native mix ~57% benign"
multiclass_internal,"XGBoost (tuned, deployed)",TRUSTLab,"TRUSTLab test (280,063 flows)",280063,0.9351,,0.9305,,0.9296-0.9314,0.9354,,,0.9312,,,,,,,,random split
multiclass_internal,CNN_BiLSTM,TRUSTLab,"TRUSTLab test (280,063 flows)",280063,0.9258,,0.9207,,0.9197-0.9216,0.9261,,,0.9214,,,,,,,,random split
multiclass_internal,CNN1D,TRUSTLab,"TRUSTLab test (280,063 flows)",280063,0.9258,,0.9202,,0.9193-0.9211,0.9258,,,0.9213,,,,,,,,random split
multiclass_internal,MLP,TRUSTLab,"TRUSTLab test (280,063 flows)",280063,0.9204,,0.9151,,0.9141-0.9161,0.9207,,,0.9162,,,,,,,,random split
multiclass_internal,LSTM,TRUSTLab,"TRUSTLab test (280,063 flows)",280063,0.9109,,0.9083,,0.9074-0.9093,0.9113,,,0.9108,,,,,,,,random split
multiclass_internal,"XGBoost (initial, before tuning)",TRUSTLab,"TRUSTLab test (280,063 flows)",280063,0.9313,,0.9267,,,,,,,,,,,,,,tuning gain significant: McNemar p = 1.4e-53; macro-F1 gain 95% CI +0.0033 to +0.0044
multiclass_decision,XGBoost (tuned) + abstain layer,TRUSTLab,"TRUSTLab test, flows kept",,0.9374,,0.9332,,,,,,,,,,,,,0.0154,"abstained: 0.50% low confidence, 1.04% out of distribution; error rate 6.26% on kept vs 21.60% on abstained"
multiclass_temporal,XGBoost (script 11 run),TRUSTLab,"TRUSTLab, random split",,0.9322,,0.928,,,,,,,,,,,,,,separate run for the split comparison; the gap between the two rows is the finding
multiclass_temporal,XGBoost (script 11 run),TRUSTLab,"TRUSTLab, temporal split",,0.8436,,0.832,,,,,,,,,,,,,,separate run for the split comparison; the gap between the two rows is the finding
multiclass_external,XGBoost,TRUSTLab,"CSE-CIC-IDS2018 (unseen dataset, 8 shared classes)",,,,,,,,,,0.2081,0.2781,0.8956,,,,,,exact class; own-data = same classes on the TRUSTLab test set; chance ~0.06
multiclass_external,XGBoost,TRUSTLab,"TII-SSRC-23 (unseen dataset, 8 shared classes)",,,,,,,,,,0.1988,0.2088,0.8716,,,,,,exact class; own-data = same classes on the TRUSTLab test set; chance ~0.06
multiclass_external,CNN_BiLSTM,TRUSTLab,"CSE-CIC-IDS2018 (unseen dataset, 8 shared classes)",,,,,,,,,,0.204,0.2046,0.8866,,,,,,exact class; own-data = same classes on the TRUSTLab test set; chance ~0.06
multiclass_external,CNN_BiLSTM,TRUSTLab,"TII-SSRC-23 (unseen dataset, 8 shared classes)",,,,,,,,,,0.1022,0.115,0.8608,,,,,,exact class; own-data = same classes on the TRUSTLab test set; chance ~0.06
multiclass_external,CNN1D,TRUSTLab,"CSE-CIC-IDS2018 (unseen dataset, 8 shared classes)",,,,,,,,,,0.1032,0.1032,0.8822,,,,,,exact class; own-data = same classes on the TRUSTLab test set; chance ~0.06
multiclass_external,CNN1D,TRUSTLab,"TII-SSRC-23 (unseen dataset, 8 shared classes)",,,,,,,,,,0.342,0.3586,0.8496,,,,,,exact class; own-data = same classes on the TRUSTLab test set; chance ~0.06
multiclass_external,MLP,TRUSTLab,"CSE-CIC-IDS2018 (unseen dataset, 8 shared classes)",,,,,,,,,,0.1667,0.3037,0.879,,,,,,exact class; own-data = same classes on the TRUSTLab test set; chance ~0.06
multiclass_external,MLP,TRUSTLab,"TII-SSRC-23 (unseen dataset, 8 shared classes)",,,,,,,,,,0.1493,0.1785,0.8539,,,,,,exact class; own-data = same classes on the TRUSTLab test set; chance ~0.06
multiclass_external,LSTM,TRUSTLab,"CSE-CIC-IDS2018 (unseen dataset, 8 shared classes)",,,,,,,,,,0.1133,0.2317,0.8649,,,,,,exact class; own-data = same classes on the TRUSTLab test set; chance ~0.06
multiclass_external,LSTM,TRUSTLab,"TII-SSRC-23 (unseen dataset, 8 shared classes)",,,,,,,,,,0.0611,0.139,0.8418,,,,,,exact class; own-data = same classes on the TRUSTLab test set; chance ~0.06
published_baseline,"DNN experts (Villafranca et al., 2026)","CICIDS2017, UNSW-NB15, BoT-IoT, IoTID20",TRUSTLab,,,0.8963,,,,,,,0.8864,,,0.9498,0.8229,0.9676,,,"published figures, threshold 0.445; different source datasets"
