strategy,model,class,f1,baseline_f1,delta,support
random,CNN1D,API,0.9986,1.0,-0.0014,16000
random,CNN1D,Benign,0.985,0.95,0.035,40004
random,CNN1D,Bruteforce,0.9315,0.97,-0.0385,15996
random,CNN1D,BufferOverflow,0.7985,0.96,-0.1615,16000
random,CNN1D,C2Beaconing,0.9504,1.0,-0.0496,15999
random,CNN1D,DDoS,0.9824,1.0,-0.0176,16007
random,CNN1D,DNS,0.9991,1.0,-0.0009,16000
random,CNN1D,DoS,0.6252,0.74,-0.1148,16024
random,CNN1D,Evasion,0.998,1.0,-0.002,16003
random,CNN1D,Exfiltration,0.9993,1.0,-0.0007,16008
random,CNN1D,Exploitation,0.7771,0.92,-0.1429,16004
random,CNN1D,MITM,0.998,1.0,-0.002,16050
random,CNN1D,PortScan,0.9782,0.99,-0.0118,15989
random,CNN1D,Slowloris,0.7329,0.68,0.0529,15979
random,CNN1D,TLSSSL,0.9838,1.0,-0.0162,16000
random,CNN1D,WebBased,0.9854,0.99,-0.0046,16000
random,CNN_BiLSTM,API,0.998,1.0,-0.002,16000
random,CNN_BiLSTM,Benign,0.9838,0.95,0.0338,40004
random,CNN_BiLSTM,Bruteforce,0.9281,0.97,-0.0419,15996
random,CNN_BiLSTM,BufferOverflow,0.7978,0.96,-0.1622,16000
random,CNN_BiLSTM,C2Beaconing,0.953,1.0,-0.047,15999
random,CNN_BiLSTM,DDoS,0.9765,1.0,-0.0235,16007
random,CNN_BiLSTM,DNS,0.999,1.0,-0.001,16000
random,CNN_BiLSTM,DoS,0.6549,0.74,-0.0851,16024
random,CNN_BiLSTM,Evasion,0.9983,1.0,-0.0017,16003
random,CNN_BiLSTM,Exfiltration,0.9993,1.0,-0.0007,16008
random,CNN_BiLSTM,Exploitation,0.7737,0.92,-0.1463,16004
random,CNN_BiLSTM,MITM,0.9981,1.0,-0.0019,16050
random,CNN_BiLSTM,PortScan,0.973,0.99,-0.017,15989
random,CNN_BiLSTM,Slowloris,0.7299,0.68,0.0499,15979
random,CNN_BiLSTM,TLSSSL,0.9844,1.0,-0.0156,16000
random,CNN_BiLSTM,WebBased,0.9829,0.99,-0.0071,16000
random,LSTM,API,0.9835,1.0,-0.0165,16000
random,LSTM,Benign,0.943,0.95,-0.007,40004
random,LSTM,Bruteforce,0.8991,0.97,-0.0709,15996
random,LSTM,BufferOverflow,0.7942,0.96,-0.1658,16000
random,LSTM,C2Beaconing,0.934,1.0,-0.066,15999
random,LSTM,DDoS,0.9953,1.0,-0.0047,16007
random,LSTM,DNS,0.9691,1.0,-0.0309,16000
random,LSTM,DoS,0.6351,0.74,-0.1049,16024
random,LSTM,Evasion,0.9965,1.0,-0.0035,16003
random,LSTM,Exfiltration,0.9964,1.0,-0.0036,16008
random,LSTM,Exploitation,0.7372,0.92,-0.1828,16004
random,LSTM,MITM,0.9968,1.0,-0.0032,16050
random,LSTM,PortScan,0.9892,0.99,-0.0008,15989
random,LSTM,Slowloris,0.7257,0.68,0.0457,15979
random,LSTM,TLSSSL,0.9756,1.0,-0.0244,16000
random,LSTM,WebBased,0.9625,0.99,-0.0275,16000
random,MLP,API,0.9947,1.0,-0.0053,16000
random,MLP,Benign,0.9804,0.95,0.0304,40004
random,MLP,Bruteforce,0.9214,0.97,-0.0486,15996
random,MLP,BufferOverflow,0.801,0.96,-0.159,16000
random,MLP,C2Beaconing,0.9489,1.0,-0.0511,15999
random,MLP,DDoS,0.9703,1.0,-0.0297,16007
random,MLP,DNS,0.999,1.0,-0.001,16000
random,MLP,DoS,0.6456,0.74,-0.0944,16024
random,MLP,Evasion,0.998,1.0,-0.002,16003
random,MLP,Exfiltration,0.9976,1.0,-0.0024,16008
random,MLP,Exploitation,0.7438,0.92,-0.1762,16004
random,MLP,MITM,0.998,1.0,-0.002,16050
random,MLP,PortScan,0.9638,0.99,-0.0262,15989
random,MLP,Slowloris,0.7148,0.68,0.0348,15979
random,MLP,TLSSSL,0.9818,1.0,-0.0182,16000
random,MLP,WebBased,0.9833,0.99,-0.0067,16000
random,XGBoost,API,0.9991,1.0,-0.0009,16000
random,XGBoost,Benign,0.9873,0.95,0.0373,40004
random,XGBoost,Bruteforce,0.945,0.97,-0.025,15996
random,XGBoost,BufferOverflow,0.8019,0.96,-0.1581,16000
random,XGBoost,C2Beaconing,0.9533,1.0,-0.0467,15999
random,XGBoost,DDoS,0.9946,1.0,-0.0054,16007
random,XGBoost,DNS,1.0,1.0,0.0,16000
random,XGBoost,DoS,0.686,0.74,-0.054,16024
random,XGBoost,Evasion,0.9985,1.0,-0.0015,16003
random,XGBoost,Exfiltration,0.9994,1.0,-0.0006,16008
random,XGBoost,Exploitation,0.7896,0.92,-0.1304,16004
random,XGBoost,MITM,0.9985,1.0,-0.0015,16050
random,XGBoost,PortScan,0.9917,0.99,0.0017,15989
random,XGBoost,Slowloris,0.7646,0.68,0.0846,15979
random,XGBoost,TLSSSL,0.9852,1.0,-0.0148,16000
random,XGBoost,WebBased,0.9938,0.99,0.0038,16000
