model,test_set,external_class,n,exact_recall,family_recall,mapped_to,loose_mapping,in_macro,top_predictions
MLP,CSE-CIC-IDS2018,Benign,358365,0.5177,0.5177,Benign,False,True,"Benign 52%, DDoS 21%, DoS 8%"
MLP,CSE-CIC-IDS2018,Bot,21700,0.0,0.0,C2Beaconing,True,True,"Benign 96%, DDoS 4%, WebBased 0%"
MLP,CSE-CIC-IDS2018,Brute Force -Web,85,0.2,0.2,WebBased,False,True,"Benign 32%, DDoS 29%, WebBased 20%"
MLP,CSE-CIC-IDS2018,Brute Force -XSS,43,0.0,0.4186,WebBased,False,True,"DDoS 51%, Exploitation 42%, PortScan 5%"
MLP,CSE-CIC-IDS2018,DDOS attack-HOIC,46370,0.4861,0.4861,DDoS,False,True,"Benign 51%, DDoS 49%"
MLP,CSE-CIC-IDS2018,DDOS attack-LOIC-UDP,225,0.0,0.0,DDoS,False,True,Benign 100%
MLP,CSE-CIC-IDS2018,DDoS attacks-LOIC-HTTP,83683,0.4971,0.4971,DDoS,False,True,"Benign 50%, DDoS 50%"
MLP,CSE-CIC-IDS2018,DoS attacks-GoldenEye,6018,0.174,0.5018,DoS,False,True,"Benign 50%, DDoS 33%, DoS 17%"
MLP,CSE-CIC-IDS2018,DoS attacks-Hulk,39259,0.0063,0.912,DoS,False,True,"DDoS 91%, Benign 5%, BufferOverflow 3%"
MLP,CSE-CIC-IDS2018,DoS attacks-SlowHTTPTest,48,0.0,0.0,Slowloris,True,True,Benign 100%
MLP,CSE-CIC-IDS2018,DoS attacks-Slowloris,1549,0.0,0.0,Slowloris,False,True,"Benign 74%, DDoS 24%, BufferOverflow 2%"
MLP,CSE-CIC-IDS2018,FTP-BruteForce,44,0.0,0.0,Bruteforce,False,True,Benign 100%
MLP,CSE-CIC-IDS2018,SQL Injection,10,0.0,0.0,WebBased,False,True,"Benign 80%, DDoS 20%"
MLP,CSE-CIC-IDS2018,SSH-Bruteforce,13778,0.0049,0.0049,Bruteforce,False,True,"Benign 53%, DoS 47%, Bruteforce 0%"
MLP,TII-SSRC-23,Audio,190,0.3263,0.3263,Benign,False,True,"Exploitation 55%, Benign 33%, DDoS 4%"
MLP,TII-SSRC-23,Background,32,0.9062,0.9062,Benign,False,True,"Benign 91%, DDoS 9%"
MLP,TII-SSRC-23,Bruteforce,1590,0.0,0.0,Bruteforce,False,True,"Benign 34%, PortScan 32%, Slowloris 24%"
MLP,TII-SSRC-23,DoS,341320,0.0302,0.147,DoS,False,True,"Benign 33%, PortScan 33%, Exfiltration 12%"
MLP,TII-SSRC-23,Information Gathering,48029,0.0,0.0,PortScan,False,True,"DDoS 76%, Benign 23%, BufferOverflow 1%"
MLP,TII-SSRC-23,Text,209,0.7225,0.7225,Benign,False,True,"Benign 72%, Bruteforce 18%, DDoS 5%"
MLP,TII-SSRC-23,Video,858,0.5699,0.5699,Benign,False,True,"Benign 57%, PortScan 23%, DDoS 20%"
CNN1D,CSE-CIC-IDS2018,Benign,358365,0.7221,0.7221,Benign,False,True,"Benign 72%, PortScan 26%, DDoS 1%"
CNN1D,CSE-CIC-IDS2018,Bot,21700,0.0,0.0,C2Beaconing,True,True,"Benign 95%, PortScan 5%, Exfiltration 0%"
CNN1D,CSE-CIC-IDS2018,Brute Force -Web,85,0.0,0.0,WebBased,False,True,"PortScan 46%, Benign 35%, MITM 19%"
CNN1D,CSE-CIC-IDS2018,Brute Force -XSS,43,0.0,0.0,WebBased,False,True,"PortScan 95%, MITM 2%, Benign 2%"
CNN1D,CSE-CIC-IDS2018,DDOS attack-HOIC,46370,0.0,0.0,DDoS,False,True,"Benign 62%, PortScan 38%, WebBased 0%"
CNN1D,CSE-CIC-IDS2018,DDOS attack-LOIC-UDP,225,0.0,0.0,DDoS,False,True,Benign 100%
CNN1D,CSE-CIC-IDS2018,DDoS attacks-LOIC-HTTP,83683,0.0,0.0,DDoS,False,True,"Benign 50%, PortScan 50%, DDoS 0%"
CNN1D,CSE-CIC-IDS2018,DoS attacks-GoldenEye,6018,0.0,0.0,DoS,False,True,"Benign 66%, PortScan 34%"
CNN1D,CSE-CIC-IDS2018,DoS attacks-Hulk,39259,0.0,0.0,DoS,False,True,"PortScan 91%, Benign 9%"
CNN1D,CSE-CIC-IDS2018,DoS attacks-SlowHTTPTest,48,0.0,0.0,Slowloris,True,True,Benign 100%
CNN1D,CSE-CIC-IDS2018,DoS attacks-Slowloris,1549,0.0,0.0,Slowloris,False,True,"Benign 73%, PortScan 24%, WebBased 3%"
CNN1D,CSE-CIC-IDS2018,FTP-BruteForce,44,0.0,0.0,Bruteforce,False,True,Benign 100%
CNN1D,CSE-CIC-IDS2018,SQL Injection,10,0.0,0.0,WebBased,False,True,"PortScan 50%, Benign 50%"
CNN1D,CSE-CIC-IDS2018,SSH-Bruteforce,13778,0.0,0.0,Bruteforce,False,True,"Benign 100%, PortScan 0%"
CNN1D,TII-SSRC-23,Audio,190,0.4105,0.4105,Benign,False,True,"WebBased 48%, Benign 41%, PortScan 11%"
CNN1D,TII-SSRC-23,Background,32,0.9062,0.9062,Benign,False,True,"Benign 91%, PortScan 9%"
CNN1D,TII-SSRC-23,Bruteforce,1590,0.0,0.0,Bruteforce,False,True,"Benign 77%, PortScan 12%, DoS 10%"
CNN1D,TII-SSRC-23,DoS,341320,0.0005,0.0667,DoS,False,True,"PortScan 51%, WebBased 24%, Benign 14%"
CNN1D,TII-SSRC-23,Information Gathering,48029,0.9292,0.9292,PortScan,False,True,"PortScan 93%, Benign 7%, DDoS 0%"
CNN1D,TII-SSRC-23,Text,209,0.7368,0.7368,Benign,False,True,"Benign 74%, PortScan 15%, DoS 5%"
CNN1D,TII-SSRC-23,Video,858,0.3543,0.3543,Benign,False,True,"DoS 38%, Benign 35%, PortScan 22%"
LSTM,CSE-CIC-IDS2018,Benign,358365,0.3048,0.3048,Benign,False,True,"DDoS 31%, Benign 30%, DoS 10%"
LSTM,CSE-CIC-IDS2018,Bot,21700,0.0012,0.0012,C2Beaconing,True,True,"DDoS 100%, C2Beaconing 0%, PortScan 0%"
LSTM,CSE-CIC-IDS2018,Brute Force -Web,85,0.0,0.0,WebBased,False,True,"C2Beaconing 32%, DDoS 29%, PortScan 19%"
LSTM,CSE-CIC-IDS2018,Brute Force -XSS,43,0.0,0.0,WebBased,False,True,"DDoS 51%, Exfiltration 42%, PortScan 5%"
LSTM,CSE-CIC-IDS2018,DDOS attack-HOIC,46370,0.4861,0.4861,DDoS,False,True,"DDoS 49%, Benign 33%, MITM 19%"
LSTM,CSE-CIC-IDS2018,DDOS attack-LOIC-UDP,225,0.0,0.0,DDoS,False,True,"Exploitation 99%, WebBased 1%"
LSTM,CSE-CIC-IDS2018,DDoS attacks-LOIC-HTTP,83683,0.489,0.489,DDoS,False,True,"Evasion 50%, DDoS 49%, PortScan 1%"
LSTM,CSE-CIC-IDS2018,DoS attacks-GoldenEye,6018,0.0,0.3283,DoS,False,True,"DDoS 33%, Exfiltration 18%, C2Beaconing 17%"
LSTM,CSE-CIC-IDS2018,DoS attacks-Hulk,39259,0.0,0.9057,DoS,False,True,"DDoS 91%, Exfiltration 5%, Benign 4%"
LSTM,CSE-CIC-IDS2018,DoS attacks-SlowHTTPTest,48,0.0,0.0,Slowloris,True,True,"DDoS 92%, PortScan 8%"
LSTM,CSE-CIC-IDS2018,DoS attacks-Slowloris,1549,0.0,0.0,Slowloris,False,True,"Evasion 46%, DDoS 27%, PortScan 25%"
LSTM,CSE-CIC-IDS2018,FTP-BruteForce,44,0.0,0.0,Bruteforce,False,True,"DDoS 91%, PortScan 9%"
LSTM,CSE-CIC-IDS2018,SQL Injection,10,0.0,0.0,WebBased,False,True,"Benign 50%, DDoS 20%, PortScan 10%"
LSTM,CSE-CIC-IDS2018,SSH-Bruteforce,13778,0.0,0.0,Bruteforce,False,True,"Benign 52%, Evasion 47%, DDoS 1%"
LSTM,TII-SSRC-23,Audio,190,0.0421,0.0421,Benign,False,True,"Exploitation 36%, DDoS 36%, Exfiltration 11%"
LSTM,TII-SSRC-23,Background,32,0.0,0.0,Benign,False,True,DDoS 100%
LSTM,TII-SSRC-23,Bruteforce,1590,0.0,0.0,Bruteforce,False,True,"DoS 60%, DDoS 30%, MITM 5%"
LSTM,TII-SSRC-23,DoS,341320,0.0099,0.3216,DoS,False,True,"PortScan 36%, DDoS 31%, WebBased 18%"
LSTM,TII-SSRC-23,Information Gathering,48029,0.1492,0.1492,PortScan,False,True,"DDoS 85%, PortScan 15%, Evasion 0%"
LSTM,TII-SSRC-23,Text,209,0.2823,0.2823,Benign,False,True,"DDoS 38%, Benign 28%, DoS 13%"
LSTM,TII-SSRC-23,Video,858,0.0501,0.0501,Benign,False,True,"DDoS 31%, Exfiltration 26%, DoS 24%"
CNN_BiLSTM,CSE-CIC-IDS2018,Benign,358365,0.3496,0.3496,Benign,False,True,"Benign 35%, MITM 25%, DoS 10%"
CNN_BiLSTM,CSE-CIC-IDS2018,Bot,21700,0.0,0.0,C2Beaconing,True,True,"Benign 95%, MITM 4%, WebBased 0%"
CNN_BiLSTM,CSE-CIC-IDS2018,Brute Force -Web,85,0.1294,0.1294,WebBased,False,True,"Benign 39%, MITM 29%, PortScan 19%"
CNN_BiLSTM,CSE-CIC-IDS2018,Brute Force -XSS,43,0.0,0.0,WebBased,False,True,"MITM 51%, Benign 44%, PortScan 5%"
CNN_BiLSTM,CSE-CIC-IDS2018,DDOS attack-HOIC,46370,0.0,0.0,DDoS,False,True,"Benign 51%, MITM 49%"
CNN_BiLSTM,CSE-CIC-IDS2018,DDOS attack-LOIC-UDP,225,0.0,0.9867,DDoS,False,True,"DoS 99%, WebBased 1%, Exfiltration 0%"
CNN_BiLSTM,CSE-CIC-IDS2018,DDoS attacks-LOIC-HTTP,83683,0.0,0.0012,DDoS,False,True,"Benign 50%, MITM 50%, DoS 0%"
CNN_BiLSTM,CSE-CIC-IDS2018,DoS attacks-GoldenEye,6018,0.0,0.0083,DoS,False,True,"Benign 61%, MITM 34%, Evasion 2%"
CNN_BiLSTM,CSE-CIC-IDS2018,DoS attacks-Hulk,39259,0.0,0.0,DoS,False,True,"MITM 91%, Benign 8%, PortScan 2%"
CNN_BiLSTM,CSE-CIC-IDS2018,DoS attacks-SlowHTTPTest,48,0.0,0.0,Slowloris,True,True,MITM 100%
CNN_BiLSTM,CSE-CIC-IDS2018,DoS attacks-Slowloris,1549,0.0,0.0,Slowloris,False,True,"MITM 50%, PortScan 49%, DDoS 1%"
CNN_BiLSTM,CSE-CIC-IDS2018,FTP-BruteForce,44,0.0,0.0,Bruteforce,False,True,MITM 100%
CNN_BiLSTM,CSE-CIC-IDS2018,SQL Injection,10,0.1,0.1,WebBased,False,True,"Benign 70%, MITM 20%, WebBased 10%"
CNN_BiLSTM,CSE-CIC-IDS2018,SSH-Bruteforce,13778,0.995,0.995,Bruteforce,False,True,"Bruteforce 99%, PortScan 0%, MITM 0%"
CNN_BiLSTM,TII-SSRC-23,Audio,190,0.1579,0.1579,Benign,False,True,"Exploitation 42%, BufferOverflow 16%, Bruteforce 16%"
CNN_BiLSTM,TII-SSRC-23,Background,32,0.9062,0.9062,Benign,False,True,"Benign 91%, MITM 9%"
CNN_BiLSTM,TII-SSRC-23,Bruteforce,1590,0.0,0.0,Bruteforce,False,True,"DoS 32%, Benign 29%, MITM 23%"
CNN_BiLSTM,TII-SSRC-23,DoS,341320,0.0032,0.0545,DoS,False,True,"PortScan 46%, Benign 32%, MITM 7%"
CNN_BiLSTM,TII-SSRC-23,Information Gathering,48029,0.1146,0.1146,PortScan,False,True,"MITM 55%, Benign 30%, PortScan 11%"
CNN_BiLSTM,TII-SSRC-23,Text,209,0.1627,0.1627,Benign,False,True,"Exploitation 44%, Benign 16%, C2Beaconing 14%"
CNN_BiLSTM,TII-SSRC-23,Video,858,0.3287,0.3287,Benign,False,True,"Benign 33%, Exfiltration 25%, MITM 18%"
XGBoost,CSE-CIC-IDS2018,Benign,358365,0.6276,0.6276,Benign,False,True,"Benign 63%, DoS 15%, Slowloris 10%"
XGBoost,CSE-CIC-IDS2018,Bot,21700,0.0,0.0,C2Beaconing,True,True,"Benign 96%, DoS 4%, PortScan 0%"
XGBoost,CSE-CIC-IDS2018,Brute Force -Web,85,0.0,0.0,WebBased,False,True,"Benign 52%, DoS 29%, PortScan 19%"
XGBoost,CSE-CIC-IDS2018,Brute Force -XSS,43,0.0,0.0,WebBased,False,True,"DoS 51%, Benign 44%, PortScan 5%"
XGBoost,CSE-CIC-IDS2018,DDOS attack-HOIC,46370,0.0,0.4861,DDoS,False,True,"Benign 51%, DoS 49%"
XGBoost,CSE-CIC-IDS2018,DDOS attack-LOIC-UDP,225,0.0,0.0,DDoS,False,True,Slowloris 100%
XGBoost,CSE-CIC-IDS2018,DDoS attacks-LOIC-HTTP,83683,0.0,0.4936,DDoS,False,True,"Benign 50%, DoS 49%, Slowloris 1%"
XGBoost,CSE-CIC-IDS2018,DoS attacks-GoldenEye,6018,0.3275,0.3278,DoS,False,True,"Benign 65%, DoS 33%, PortScan 2%"
XGBoost,CSE-CIC-IDS2018,DoS attacks-Hulk,39259,0.9057,0.9057,DoS,False,True,"DoS 91%, Benign 9%"
XGBoost,CSE-CIC-IDS2018,DoS attacks-SlowHTTPTest,48,0.0,0.0,Slowloris,True,True,"PortScan 96%, Benign 4%"
XGBoost,CSE-CIC-IDS2018,DoS attacks-Slowloris,1549,0.0,0.0,Slowloris,False,True,"PortScan 49%, DDoS 26%, Benign 25%"
XGBoost,CSE-CIC-IDS2018,FTP-BruteForce,44,0.0,0.0,Bruteforce,False,True,"PortScan 95%, Benign 5%"
XGBoost,CSE-CIC-IDS2018,SQL Injection,10,0.0,0.0,WebBased,False,True,"Benign 80%, DoS 20%"
XGBoost,CSE-CIC-IDS2018,SSH-Bruteforce,13778,0.0,0.0,Bruteforce,False,True,"Benign 100%, PortScan 0%"
XGBoost,TII-SSRC-23,Audio,190,0.7895,0.7895,Benign,False,True,"Benign 79%, PortScan 20%, DoS 1%"
XGBoost,TII-SSRC-23,Background,32,0.0,0.0,Benign,False,True,"PortScan 97%, Slowloris 3%"
XGBoost,TII-SSRC-23,Bruteforce,1590,0.0,0.0,Bruteforce,False,True,"Slowloris 46%, Benign 22%, PortScan 15%"
XGBoost,TII-SSRC-23,DoS,341320,0.0176,0.0578,DoS,False,True,"PortScan 91%, Benign 4%, DDoS 3%"
XGBoost,TII-SSRC-23,Information Gathering,48029,0.4291,0.4291,PortScan,False,True,"PortScan 43%, DoS 34%, DDoS 19%"
XGBoost,TII-SSRC-23,Text,209,0.7847,0.7847,Benign,False,True,"Benign 78%, PortScan 20%, WebBased 1%"
XGBoost,TII-SSRC-23,Video,858,0.1573,0.1573,Benign,False,True,"PortScan 44%, Benign 16%, WebBased 11%"
