arm,model,auc,auc_clip,acc,acc_clip
combined,MLP,0.4828366872060959,0.42874101186594044,0.49505077769664785,0.4995166133274509
combined,CNN1D,0.47929128975848884,0.4351469555747855,0.4729612826528224,0.456292951959608
combined,LSTM,0.5331026763488703,0.5071825074761327,0.45459450708633714,0.43876538659953934
combined,CNN_BiLSTM,0.49587911402340634,0.4770379480902189,0.4830877080486719,0.47507649848319966
combined,XGBoost,0.4991321244957306,0.4995579251571821,0.5073091097767485,0.5080656828956054
cicids_only,MLP,0.39647971956418804,0.5962140369115808,0.5560035046237812,0.5767819727446123
cicids_only,CNN1D,0.42263493489392623,0.4820194092469953,0.5449256834672427,0.5716778267544353
cicids_only,LSTM,0.49994181029798884,0.514826079124454,0.5852276073591013,0.5715231998597861
cicids_only,CNN_BiLSTM,0.5646812509764327,0.5707517824915969,0.5655232420809573,0.5734579458030324
cicids_only,XGBoost,0.48975254084376263,0.4978745831017196,0.5284603685296633,0.5480192099887206
tii_only,MLP,0.4449530906115396,0.5096314355170667,0.45444960898027004,0.5017934007391148
tii_only,CNN1D,0.33609328367685654,0.41743546499409534,0.3699923507707066,0.5184120960397621
tii_only,LSTM,0.4802605769733061,0.5289743136795853,0.5000143114591087,0.5168770845222384
tii_only,CNN_BiLSTM,0.5321406378907495,0.4966487528320565,0.4962106396166833,0.48808583938791006
tii_only,XGBoost,0.4012995760806727,0.4012995760806727,0.5222106968026017,0.5222106968026017
